,target,account,affiliated,betweenness_centrality,degree_centrality,eigenvector_centrality,pagerank_centrality,closeness_centrality,num_of_tweets_they_appeared,sentiments,list_of_Opinion_Towards,count_hashtags
0,Hillary Clinton,HillaryClinton,True,0.17295719844357973,0.2607003891050584,0.5661220633549133,0.06699427264095244,0.2666276889578839,118,"[51, 67]","[43, 74, 1]","{'#world': 3, '#LibertyNotHillary': 2, '#USA': 1, '#Tough': 1, '#HillaryMyPresident': 1, '#StandWithRand': 1, '#UnstoppableTicket': 1, '#ElizabethWarren': 1, '#Iowa': 2, '#Twitter': 1, '#tcot': 2, '#NotReadyForHillary': 1, '#ClintonFoundationscandal': 1, '#ClintonCash': 1, '#emailgate': 1, '#HillaryClinton': 6, '#UnitedStates': 1, '#freedom_justice_equality_education': 1, '#happy_life': 1, '#Hypocrite': 2, '#WakeUpAmerica': 12, '#loveit': 1, '#WhyImNotVotingForHillary': 1, '#EqualityForAll': 2, '#PayToPlayDiplomacy': 1, '#Stephens': 1, '#NotAChanceInHell': 1, '#AllLivesMatter': 1, '#GoTeam': 1, '#BillClinton': 4, '#hypocrite': 1, '#Hillary_2016_NO': 1, '#lgbtrights': 1, '#ACAWorks': 1, '#LoveWins': 2, '#ClementaPinckney': 1, '#Christian': 1, '#LGBT': 2, '#VirginiaJJ': 1, '#FeelTheBern': 1, '#Benghazi': 2, '#ClintonFoundation': 1, '#terrorist': 1, '#muslim': 1, '#ISIS': 1, '#MonicaLewinsky': 1, '#tlot': 3, '#ChelseasMom': 1, '#stillvotingforyou': 1, '#pervert': 1, '#Democrats': 1, '#liberals': 1, '#GOP': 1, '#copolitics': 1, '#wcs15': 1, '#Vote': 1, '#YaaasHillary': 1, '#VoteForHillary': 1, '#ACUHOI': 1, '#GayRights': 1, '#HillaryForAmerica': 1, '#NoHillary2016': 2, '#Clinton': 1, '#Hilary': 1, '#BestTheyveGot': 1, '#SlushFund': 1, '#UraniumDeal': 1, '#SniperFire': 1, '#LIES': 1, '#SorryBernie': 1, '#Emails': 1, '#TotalIncompetence': 1, '#RedNationRising': 1, '#LibHack': 1, '#Pay2Play': 1, '#Corruptocrat': 1, '#VinceFoster': 1, '#Monica': 1, '#iacaucus': 1, '#PTown': 1, '#INeedMeninist': 1, '#lol': 13, '#StopHillary2016': 11, '#democrats': 1, '#mepolitics': 1, '#Hanover': 1, '#HillaryinNH': 1, '#HillaryInNH': 1}"
365,Hillary Clinton,billclinton,True,0.005374513618677043,0.07782101167315175,0.2899833098071372,0.02618198930515646,0.19058942210693186,14,"[0, 14]","[0, 14, 0]","{'#lol': 13, '#StopHillary2016': 11, '#WakeUpAmerica': 10}"
375,Hillary Clinton,TheDemocrats,True,0.010274805447470815,0.019455252918287938,0.001183523362785526,0.00621098468683262,0.1054490655099828,4,"[1, 3]","[1, 3, 0]","{'#BlackLivesMatter': 1, '#Obama': 1, '#USA': 1, '#Greece': 1, '#WakeUpAmerica': 1, '#NJ': 1}"
372,Hillary Clinton,HillaryforIA,True,0.005091804474708171,0.027237354085603117,0.0956571974566032,0.006195130658460316,0.17326311100630168,4,"[4, 0]","[4, 0, 0]","{'#world': 2, '#freedom_justice_equality_education': 1, '#happy_life': 1}"
411,Hillary Clinton,JW4Hillary,True,0.003465466926070039,0.01556420233463035,0.00014491256681119712,0.004671311314685605,0.08887589631929464,2,"[1, 1]","[0, 2, 0]",{'#Hillarymen': 1}
164,Hillary Clinton,ClintonGlobal,True,0.0,0.007782101167315175,1.3169400978417976e-18,0.0038759689922480615,0.007782101167315175,1,"[0, 1]","[0, 1, 0]","{'#Saudi': 1, '#SaudiCables': 2, '#clinton2016': 1}"
390,Hillary Clinton,ChelseaClinton,True,0.0,0.0038910505836575885,1.030195167977422e-23,0.0038759689922480615,0.0038910505836575885,2,"[1, 1]","[1, 1, 0]","{'#BillClinton': 1, '#ReadyForHillary': 1, '#HillaryClinton': 1, '#Clinton2016': 1, '#POTUS': 1, '#ChelseasMom': 1}"
629,Hillary Clinton,HillaryforNV,True,0.0,0.0038910505836575885,1.030195167977422e-23,0.0038759689922480615,0.0038910505836575885,1,"[1, 0]","[0, 1, 0]",{'#raisethenewPOTUS': 1}
300,Hillary Clinton,HillaryforSC,True,0.0,0.01556420233463035,0.07439222546690122,0.0031141140869471806,0.16927349989760393,1,"[1, 0]","[0, 1, 0]",{}
402,Hillary Clinton,HillaryIn2016,True,0.0,0.007782101167315175,0.058909908024596974,0.0019633398828671662,0.16816713715317516,2,"[2, 0]","[1, 1, 0]",{}
559,Hillary Clinton,ARForHillary,True,0.0,0.007782101167315175,0.058909908024596974,0.0019633398828671662,0.16816713715317516,1,"[1, 0]","[1, 0, 0]",{}
700,Hillary Clinton,HillaryforNH,True,0.0,0.007782101167315175,0.058909908024596974,0.0019633398828671662,0.16816713715317516,1,"[1, 0]","[1, 0, 0]","{'#Hanover': 1, '#HillaryinNH': 1}"
125,Hillary Clinton,DNCWomen,True,0.0,0.0038910505836575885,0.00011154833555813858,0.0016373934273259882,0.08548030559613222,1,"[1, 0]","[1, 0, 0]",{}
388,Hillary Clinton,readyforHRC,True,0.0,0.0038910505836575885,0.05335758604024325,0.0011289545332684,0.16761936146212247,2,"[2, 0]","[2, 0, 0]","{'#HillaryClinton': 2, '#UnitedStates': 2}"
523,Hillary Clinton,ca_hillary,True,0.0,0.0038910505836575885,0.05335758604024325,0.0011289545332684,0.16761936146212247,1,"[1, 0]","[1, 0, 0]",{}
557,Hillary Clinton,HRCSnowShovel,True,0.0,0.0038910505836575885,0.05335758604024325,0.0011289545332684,0.16761936146212247,1,"[0, 1]","[0, 1, 0]","{'#LoveWins': 1, '#FeelTheBern': 1}"
386,Hillary Clinton,ClintonFdn,True,0.0,0.0,0.0,0.0,0.0,2,"[0, 2]","[0, 2, 0]","{'#HillaryClinton': 1, '#Scandals': 1, '#lies': 1, '#Clintons': 1}"
568,Hillary Clinton,Chefs4Hillary,True,0.0,0.0,0.0,0.0,0.0,1,"[1, 0]","[1, 0, 0]",{'#FITN': 1}
614,Hillary Clinton,HillaryHaikus,True,0.0,0.0,0.0,0.0,0.0,1,"[1, 0]","[0, 1, 0]","{'#Ready': 1, '#ReadyForHillary': 1, '#haiku': 1}"
632,Hillary Clinton,hillaryclinton,True,0.0,0.0,0.0,0.0,0.0,1,"[0, 1]","[0, 1, 0]","{'#WakeUpAmerica': 1, '#TCOT': 1, '#OhHillNO': 1}"
1,Hillary Clinton,POTUS,False,0.005374513618677043,0.07782101167315175,0.2899833098071372,0.02618198930515646,0.19058942210693186,15,"[1, 14]","[0, 15, 0]","{'#lol': 13, '#StopHillary2016': 11, '#WakeUpAmerica': 10}"
4,Hillary Clinton,BarackObama,False,0.008815661478599222,0.04669260700389105,0.11968995712204555,0.01071066596815459,0.1756284777094594,8,"[6, 2]","[5, 0, 3]","{'#world': 5, '#StopDilma': 1, '#StopLula': 1, '#StopForodeSaoPaulo': 1, '#Love_peace': 1, '#terrorism': 1, '#sellout': 1}"
8,Hillary Clinton,BernieSanders,False,0.04904851653696498,0.03891050583657588,0.08509195473055332,0.008420435738953432,0.1898861401065373,6,"[3, 3]","[2, 2, 2]",{'#SheWhoShallNotBeNamedBecauseShesWinning': 1}
5,Hillary Clinton,realDonaldTrump,False,0.007143725680933852,0.0311284046692607,0.13029363439885575,0.006875263248932661,0.17384845935429594,8,"[2, 6]","[1, 3, 4]","{'#BaltimoreUprising': 1, '#Obama': 1, '#morningjoe': 1, '#unitedblue': 1, '#VoteForHillary': 1, '#EqualityForAll': 1, '#stupidisasstupiddoes': 1, '#lol': 1, '#WakeUpAmerica': 1, '#StopHillary2016': 1}"
382,Hillary Clinton,DrMartyFox,False,0.02960846303501945,0.027237354085603117,0.011046581935409316,0.006475684396055533,0.1350633699970383,3,"[0, 3]","[0, 3, 0]","{'#Obama': 2, '#USA': 1, '#Greece': 1, '#WakeUpAmerica': 1, '#NJ': 1, '#OiP': 1, '#Cruz2016': 1}"
421,Hillary Clinton,danmericaCNN,False,0.00027358949416342413,0.01556420233463035,7.357821803348105e-16,0.006293896584240578,0.017509727626459144,2,"[0, 2]","[0, 2, 0]",{}
405,Hillary Clinton,CarmineZozzora,False,0.00018239299610894945,0.01556420233463035,4.550270462907697e-16,0.0062451744569152106,0.01621271076523995,2,"[0, 2]","[0, 1, 1]","{'#UniteBlue': 1, '#freeallfour': 1}"
381,Hillary Clinton,pamnsc,False,0.00012159533073929961,0.01556420233463035,2.5737331221743705e-16,0.006187950502956421,0.01556420233463035,3,"[3, 0]","[0, 1, 2]","{'#WakeUpAmerica': 3, '#dumpboehner': 1, '#ditchmitch': 1, '#todosmarchamos': 1, '#Cuba': 1}"
6,Hillary Clinton,politico,False,0.0069005350194552536,0.02334630350194553,0.12154101107665992,0.006073466256905472,0.1721041604310087,6,"[1, 5]","[1, 4, 1]","{'#WakeUpAmerica': 2, '#StopHillary2016': 2, '#lol': 1}"
410,Hillary Clinton,Lawrence,False,0.013497081712062256,0.02334630350194553,0.0012363852884844585,0.005938337613827025,0.10972098927264733,2,"[0, 2]","[0, 2, 0]","{'#Hillarymen': 1, '#OneTerm': 1}"
394,Hillary Clinton,Callisto1947,False,0.0003647859922178989,0.0311284046692607,8.670913539162646e-08,0.005878959534105286,0.0311284046692607,2,"[1, 1]","[0, 2, 0]","{'#TCOT': 1, '#CCOT': 1}"
384,Hillary Clinton,StateDept,False,0.0003647859922178989,0.0311284046692607,0.11352987603173242,0.005857075756494431,0.17384845935429594,2,"[1, 1]","[1, 1, 0]","{'#world': 1, '#PayToPlayDiplomacy': 1}"
420,Hillary Clinton,joanwalsh,False,0.013497081712062256,0.027237354085603117,0.010447249938645271,0.005723716149607982,0.13983463035019456,2,"[0, 2]","[0, 0, 2]",{}
11,Hillary Clinton,tedcruz,False,0.010305204280155642,0.01556420233463035,0.05481848656070197,0.005705539100840639,0.17096061119226444,4,"[2, 2]","[1, 1, 2]","{'#lgbtrights': 1, '#ACAWorks': 1, '#UniteBlue': 1}"
383,Hillary Clinton,Chris_1791,False,3.0398832684824903e-05,0.007782101167315175,2.919377111557401e-21,0.00569920954844581,0.007782101167315175,2,"[0, 2]","[0, 1, 1]","{'#Hillary': 1, '#Liberal': 1}"
380,Hillary Clinton,jstines3,False,0.00634727626459144,0.027237354085603117,0.08374295996124036,0.005657677574352655,0.17268169117071006,3,"[0, 3]","[0, 3, 0]","{'#HillarySoWhite': 1, '#Stephens': 1, '#NotAChanceInHell': 1}"
414,Hillary Clinton,SenSanders,False,0.022981517509727628,0.02334630350194553,0.010287328028368379,0.005236660159781903,0.14098395607910025,2,"[0, 2]","[0, 1, 1]",{'#OneTerm': 1}
415,Hillary Clinton,ProudInfidel33,False,3.9518482490272375e-05,0.02334630350194553,0.14598871592239135,0.0050896287352459185,0.17153047989623868,2,"[0, 2]","[0, 2, 0]",{'#lol': 2}
416,Hillary Clinton,sunbeltgirl,False,1.5199416342412452e-05,0.02334630350194553,0.14480872929581512,0.005057601347751854,0.1703945164532172,2,"[0, 2]","[0, 2, 0]","{'#lol': 2, '#StopHillary2016': 1}"
412,Hillary Clinton,BretBaier,False,0.00015199416342412452,0.011673151750972765,5.20276569190995e-16,0.005054512146369594,0.014007782101167316,2,"[0, 2]","[0, 2, 0]",{'#SpillHill': 1}
424,Hillary Clinton,maggieNYT,False,0.00015199416342412452,0.011673151750972765,5.202765691909951e-16,0.005054512146369593,0.014007782101167316,2,"[0, 2]","[0, 2, 0]",{'#Benghazi': 1}
404,Hillary Clinton,jjauthor,False,0.00012159533073929961,0.011673151750972765,3.362931374154967e-16,0.0050314002290729855,0.013896609227348528,2,"[1, 1]","[0, 1, 1]",{'#freeallfour': 1}
3,Hillary Clinton,GOP,False,0.0069005350194552536,0.01556420233463035,0.06682514925088445,0.0046611944740568316,0.17153047989623868,8,"[1, 7]","[0, 5, 3]","{'#WhyImNotVotingForHillary': 1, '#ImCommitted2DefeatHillary': 1, '#ncpol': 1, '#latinos2016': 1, '#Rock': 1}"
392,Hillary Clinton,WoodenThreat,False,0.003988326848249027,0.027237354085603117,0.1339424517446632,0.0046545802386124815,0.17268169117071006,2,"[0, 2]","[0, 2, 0]","{'#HillarySoWhite': 1, '#lol': 1}"
7,Hillary Clinton,FoxNews,False,0.003495865758754864,0.019455252918287938,0.11509386583027335,0.004233639579131202,0.1703945164532172,6,"[0, 6]","[0, 6, 0]","{'#HappeningNow': 1, '#ClintonCash': 1, '#IaVotes': 1, '#lol': 1, '#WakeUpAmerica': 2, '#StopHillary2016': 1}"
399,Hillary Clinton,NRO,False,0.006870136186770428,0.011673151750972765,0.00517653366459247,0.004172400258295178,0.1252047298512691,2,"[1, 1]","[0, 0, 2]",{}
649,Hillary Clinton,c5hardtop1999,False,0.0,0.02334630350194553,8.18535699454733e-08,0.004134976201038213,0.02490272373540856,1,"[1, 0]","[0, 1, 0]",{}
646,Hillary Clinton,jimlibertarian,False,0.0,0.02334630350194553,8.18535699454733e-08,0.004134976201038213,0.02490272373540856,1,"[1, 0]","[0, 1, 0]",{}
647,Hillary Clinton,peddoc63,False,0.0,0.02334630350194553,8.18535699454733e-08,0.004134976201038213,0.02490272373540856,1,"[1, 0]","[0, 1, 0]",{}
648,Hillary Clinton,MaydnUSA,False,0.0,0.02334630350194553,8.18535699454733e-08,0.004134976201038213,0.02490272373540856,1,"[1, 0]","[0, 1, 0]",{}
650,Hillary Clinton,surfermom77,False,0.0,0.02334630350194553,8.18535699454733e-08,0.004134976201038213,0.02490272373540856,1,"[1, 0]","[0, 1, 0]",{}
651,Hillary Clinton,SMolloyDVM,False,0.0,0.02334630350194553,8.18535699454733e-08,0.004134976201038213,0.02490272373540856,1,"[1, 0]","[0, 1, 0]",{}
454,Hillary Clinton,bristola48,False,0.0,0.0311284046692607,9.038209588182844e-05,0.003875968992248064,0.0311284046692607,1,"[0, 1]","[0, 0, 1]",{}
455,Hillary Clinton,AlciniaH,False,0.0,0.0311284046692607,9.038209588182844e-05,0.003875968992248064,0.0311284046692607,1,"[0, 1]","[0, 0, 1]",{}
456,Hillary Clinton,Mahogany1992,False,0.0,0.0311284046692607,9.038209588182844e-05,0.003875968992248064,0.0311284046692607,1,"[0, 1]","[0, 0, 1]",{}
457,Hillary Clinton,stphil,False,0.0,0.0311284046692607,9.038209588182844e-05,0.003875968992248064,0.0311284046692607,1,"[0, 1]","[0, 0, 1]",{}
458,Hillary Clinton,MzDivah67,False,0.0,0.0311284046692607,9.038209588182844e-05,0.003875968992248064,0.0311284046692607,1,"[0, 1]","[0, 0, 1]",{}
459,Hillary Clinton,Progress4Ohio,False,0.0,0.0311284046692607,9.038209588182844e-05,0.0038759689922480633,0.0311284046692607,1,"[0, 1]","[0, 0, 1]",{}
460,Hillary Clinton,graceslick77,False,0.0,0.0311284046692607,9.038209588182844e-05,0.0038759689922480633,0.0311284046692607,1,"[0, 1]","[0, 0, 1]",{}
461,Hillary Clinton,AuntLulie,False,0.0,0.0311284046692607,9.038209588182844e-05,0.0038759689922480633,0.0311284046692607,1,"[0, 1]","[0, 0, 1]",{}
462,Hillary Clinton,deejayedee,False,0.0,0.0311284046692607,9.038209588182844e-05,0.0038759689922480633,0.0311284046692607,1,"[0, 1]","[0, 0, 1]",{}
525,Hillary Clinton,clairecmc,False,0.0,0.007782101167315175,1.3169400978417976e-18,0.0038759689922480615,0.007782101167315175,1,"[0, 1]","[0, 1, 0]","{'#Saudi': 1, '#SaudiCables': 2, '#clinton2016': 1}"
526,Hillary Clinton,RosieGray,False,0.0,0.007782101167315175,1.3169400978417976e-18,0.0038759689922480615,0.007782101167315175,1,"[0, 1]","[0, 1, 0]","{'#Saudi': 1, '#SaudiCables': 2, '#clinton2016': 1}"
707,Hillary Clinton,JOEL5H,False,0.0,0.007782101167315175,1.3169400978417976e-18,0.0038759689922480615,0.007782101167315175,1,"[1, 0]","[0, 1, 0]",{}
708,Hillary Clinton,wonderfullone,False,0.0,0.007782101167315175,1.3169400978417976e-18,0.0038759689922480615,0.007782101167315175,1,"[1, 0]","[0, 1, 0]",{}
709,Hillary Clinton,Bipartisanism,False,0.0,0.007782101167315175,1.3169400978417976e-18,0.0038759689922480615,0.007782101167315175,1,"[1, 0]","[0, 1, 0]",{}
695,Hillary Clinton,awadgolf,False,0.0,0.007782101167315175,1.3169400978417976e-18,0.0038759689922480615,0.007782101167315175,1,"[0, 1]","[0, 1, 0]",{}
696,Hillary Clinton,Crossbearer1956,False,0.0,0.007782101167315175,1.3169400978417976e-18,0.0038759689922480615,0.007782101167315175,1,"[0, 1]","[0, 1, 0]",{}
697,Hillary Clinton,ScottSaxman1,False,0.0,0.007782101167315175,1.3169400978417976e-18,0.0038759689922480615,0.007782101167315175,1,"[0, 1]","[0, 1, 0]",{}
579,Hillary Clinton,fuzislippers,False,0.0,0.007782101167315175,1.3169400978417976e-18,0.0038759689922480615,0.007782101167315175,1,"[0, 1]","[0, 1, 0]","{'#MakeAmericaGreatAgain': 1, '#WhyImNotVotingForHillary': 1}"
580,Hillary Clinton,KLSouth,False,0.0,0.007782101167315175,1.3169400978417976e-18,0.0038759689922480615,0.007782101167315175,1,"[0, 1]","[0, 1, 0]","{'#MakeAmericaGreatAgain': 1, '#WhyImNotVotingForHillary': 1}"
581,Hillary Clinton,gdebenedetti,False,0.0,0.007782101167315175,1.3169400978417976e-18,0.0038759689922480615,0.007782101167315175,1,"[0, 1]","[0, 1, 0]","{'#MakeAmericaGreatAgain': 1, '#WhyImNotVotingForHillary': 1}"
562,Hillary Clinton,dl34l,False,0.0,0.007782101167315175,1.3169400978417976e-18,0.0038759689922480615,0.007782101167315175,1,"[0, 1]","[0, 1, 0]",{}
560,Hillary Clinton,LaureneDiCillo,False,0.0,0.007782101167315175,1.3169400978417976e-18,0.0038759689922480615,0.007782101167315175,1,"[0, 1]","[0, 1, 0]",{}
561,Hillary Clinton,NBCNews,False,0.0,0.007782101167315175,1.3169400978417976e-18,0.0038759689922480615,0.007782101167315175,1,"[0, 1]","[0, 1, 0]",{}
503,Hillary Clinton,schoolbus_soul,False,0.0,0.0038910505836575885,1.030195167977422e-23,0.0038759689922480615,0.0038910505836575885,1,"[1, 0]","[0, 0, 1]","{'#Waverly': 1, '#turf': 1, '#FellowsIA': 1, '#CommitToCaucus': 1}"
490,Hillary Clinton,johnmanko,False,0.0,0.0038910505836575885,1.030195167977422e-23,0.0038759689922480615,0.0038910505836575885,1,"[0, 1]","[1, 0, 0]",{}
491,Hillary Clinton,CassandraRules,False,0.0,0.0038910505836575885,1.030195167977422e-23,0.0038759689922480615,0.0038910505836575885,1,"[0, 1]","[1, 0, 0]",{}
504,Hillary Clinton,zaksteib,False,0.0,0.0038910505836575885,1.030195167977422e-23,0.0038759689922480615,0.0038910505836575885,1,"[1, 0]","[0, 0, 1]","{'#Waverly': 1, '#turf': 1, '#FellowsIA': 1, '#CommitToCaucus': 1}"
485,Hillary Clinton,HRC,False,0.0,0.0038910505836575885,1.030195167977422e-23,0.0038759689922480615,0.0038910505836575885,1,"[0, 1]","[0, 1, 0]","{'#BillClinton': 1, '#ReadyForHillary': 1, '#HillaryClinton': 1, '#Clinton2016': 1}"
475,Hillary Clinton,SoCaliMilitia1,False,0.0,0.0038910505836575885,1.030195167977422e-23,0.0038759689922480615,0.0038910505836575885,1,"[0, 1]","[0, 1, 0]",{'#Liberals': 1}
467,Hillary Clinton,TX_1,False,0.0,0.0038910505836575885,1.030195167977422e-23,0.0038759689922480615,0.0038910505836575885,1,"[0, 1]","[0, 0, 1]",{}
468,Hillary Clinton,politicalmath,False,0.0,0.0038910505836575885,1.030195167977422e-23,0.0038759689922480615,0.0038910505836575885,1,"[0, 1]","[0, 0, 1]",{}
470,Hillary Clinton,tjhansen,False,0.0,0.0038910505836575885,1.030195167977422e-23,0.0038759689922480615,0.0038910505836575885,1,"[0, 1]","[0, 0, 1]",{}
471,Hillary Clinton,owillis,False,0.0,0.0038910505836575885,1.030195167977422e-23,0.0038759689922480615,0.0038910505836575885,1,"[0, 1]","[0, 0, 1]",{}
472,Hillary Clinton,FoundersGirl,False,0.0,0.0038910505836575885,1.030195167977422e-23,0.0038759689922480615,0.0038910505836575885,1,"[1, 0]","[0, 1, 0]",{}
473,Hillary Clinton,Artist_Angie,False,0.0,0.0038910505836575885,1.030195167977422e-23,0.0038759689922480615,0.0038910505836575885,1,"[1, 0]","[0, 1, 0]",{}
476,Hillary Clinton,CzarofFreedom,False,0.0,0.0038910505836575885,1.030195167977422e-23,0.0038759689922480615,0.0038910505836575885,1,"[0, 1]","[0, 1, 0]",{'#Liberals': 1}
507,Hillary Clinton,putterrod,False,0.0,0.0038910505836575885,1.030195167977422e-23,0.0038759689922480615,0.0038910505836575885,1,"[0, 1]","[0, 1, 0]",{}
508,Hillary Clinton,IngrahamAngle,False,0.0,0.0038910505836575885,1.030195167977422e-23,0.0038759689922480615,0.0038910505836575885,1,"[0, 1]","[0, 1, 0]",{}
531,Hillary Clinton,vacanti,False,0.0,0.0038910505836575885,1.030195167977422e-23,0.0038759689922480615,0.0038910505836575885,1,"[1, 0]","[1, 0, 0]",{}
532,Hillary Clinton,samglover,False,0.0,0.0038910505836575885,1.030195167977422e-23,0.0038759689922480615,0.0038910505836575885,1,"[1, 0]","[1, 0, 0]",{}
546,Hillary Clinton,AGMarkHerring,False,0.0,0.0038910505836575885,1.030195167977422e-23,0.0038759689922480615,0.0038910505836575885,1,"[1, 0]","[1, 0, 0]",{}
547,Hillary Clinton,vademocrats,False,0.0,0.0038910505836575885,1.030195167977422e-23,0.0038759689922480615,0.0038910505836575885,1,"[1, 0]","[1, 0, 0]",{}
548,Hillary Clinton,BobbyJindal,False,0.0,0.0038910505836575885,1.030195167977422e-23,0.0038759689922480615,0.0038910505836575885,1,"[0, 1]","[0, 0, 1]",{'#badchristianvalues': 1}
10,Hillary Clinton,thehill,False,0.0,0.0038910505836575885,1.030195167977422e-23,0.0038759689922480615,0.0038910505836575885,4,"[2, 2]","[3, 0, 1]","{'#MamaHillary': 1, '#cnn': 1, '#bbc': 1, '#Mamaclinton': 1, '#Democrat': 1, '#ACAworks': 1, '#GetMoneyOut': 1, '#RestoreTheVRA': 1, '#Bernie2016': 1, '#waronpoverty': 1}"
517,Hillary Clinton,jilevin,False,0.0,0.0038910505836575885,1.030195167977422e-23,0.0038759689922480615,0.0038910505836575885,1,"[1, 0]","[0, 0, 1]",{}
518,Hillary Clinton,strumpetcity,False,0.0,0.0038910505836575885,1.030195167977422e-23,0.0038759689922480615,0.0038910505836575885,1,"[1, 0]","[0, 0, 1]",{}
409,Hillary Clinton,AdamParkhomenko,False,0.0,0.0038910505836575885,1.030195167977422e-23,0.0038759689922480615,0.0038910505836575885,2,"[2, 0]","[1, 1, 0]",{'#MD': 1}
14,Hillary Clinton,ChrisChristie,False,0.0,0.0038910505836575885,1.030195167977422e-23,0.0038759689922480615,0.0038910505836575885,3,"[0, 3]","[1, 2, 0]","{'#HillaryClinton': 1, '#ChrisChristie': 1, '#Bridgegate': 1}"
13,Hillary Clinton,JebBush,False,0.0,0.0038910505836575885,1.030195167977422e-23,0.0038759689922480615,0.0038910505836575885,4,"[1, 3]","[0, 1, 3]","{'#badchristianvalues': 1, '#bushfail': 1, '#JebBush': 1}"
396,Hillary Clinton,TODAYshow,False,0.0,0.0038910505836575885,1.030195167977422e-23,0.0038759689922480615,0.0038910505836575885,2,"[0, 2]","[0, 2, 0]",{'#Bridgegate': 1}
448,Hillary Clinton,senna1,False,0.0,0.0038910505836575885,1.030195167977422e-23,0.0038759689922480615,0.0038910505836575885,1,"[0, 1]","[0, 0, 1]",{}
449,Hillary Clinton,KirillWasHere,False,0.0,0.0038910505836575885,1.030195167977422e-23,0.0038759689922480615,0.0038910505836575885,1,"[0, 1]","[0, 0, 1]",{}
442,Hillary Clinton,evanperez,False,0.0,0.0038910505836575885,1.030195167977422e-23,0.0038759689922480615,0.0038910505836575885,1,"[0, 1]","[1, 0, 0]",{}
422,Hillary Clinton,vendettajane,False,0.0,0.0038910505836575885,1.030195167977422e-23,0.0038759689922480615,0.0038910505836575885,2,"[1, 1]","[0, 2, 0]",{'#freeallfour': 2}
434,Hillary Clinton,CheekyGent,False,0.0,0.0038910505836575885,1.030195167977422e-23,0.0038759689922480615,0.0038910505836575885,1,"[0, 1]","[0, 1, 0]",{'#HillarySoOld': 1}
435,Hillary Clinton,ChuckCJohnson,False,0.0,0.0038910505836575885,1.030195167977422e-23,0.0038759689922480615,0.0038910505836575885,1,"[0, 1]","[0, 1, 0]",{'#HillarySoOld': 1}
439,Hillary Clinton,lajouetreine,False,0.0,0.0038910505836575885,1.030195167977422e-23,0.0038759689922480615,0.0038910505836575885,1,"[0, 1]","[0, 0, 1]",{}
440,Hillary Clinton,KarrattiPaul,False,0.0,0.0038910505836575885,1.030195167977422e-23,0.0038759689922480615,0.0038910505836575885,1,"[0, 1]","[0, 0, 1]",{}
671,Hillary Clinton,mizerello,False,0.0,0.0038910505836575885,1.030195167977422e-23,0.0038759689922480615,0.0038910505836575885,1,"[0, 1]","[0, 1, 0]",{}
672,Hillary Clinton,meetthepress,False,0.0,0.0038910505836575885,1.030195167977422e-23,0.0038759689922480615,0.0038910505836575885,1,"[0, 1]","[0, 1, 0]",{}
644,Hillary Clinton,CoachDLG515,False,0.0,0.0038910505836575885,1.030195167977422e-23,0.0038759689922480615,0.0038910505836575885,1,"[1, 0]","[0, 1, 0]",{}
645,Hillary Clinton,Retired36,False,0.0,0.0038910505836575885,1.030195167977422e-23,0.0038759689922480615,0.0038910505836575885,1,"[1, 0]","[0, 1, 0]",{}
712,Hillary Clinton,roughcountry451,False,0.0,0.0038910505836575885,1.030195167977422e-23,0.0038759689922480615,0.0038910505836575885,1,"[0, 1]","[0, 1, 0]",{'#freeallfour': 1}
721,Hillary Clinton,PoliticalShort,False,0.0,0.0038910505836575885,1.030195167977422e-23,0.0038759689922480615,0.0038910505836575885,1,"[0, 1]","[0, 1, 0]","{'#killary': 1, '#Marxism': 1}"
722,Hillary Clinton,jlconnell66,False,0.0,0.0038910505836575885,1.030195167977422e-23,0.0038759689922480615,0.0038910505836575885,1,"[0, 1]","[0, 1, 0]","{'#killary': 1, '#Marxism': 1}"
706,Hillary Clinton,Reuters,False,0.0,0.0038910505836575885,1.030195167977422e-23,0.0038759689922480615,0.0038910505836575885,1,"[1, 0]","[0, 1, 0]",{'#Hlllary': 1}
705,Hillary Clinton,DemocratGuide,False,0.0,0.0038910505836575885,1.030195167977422e-23,0.0038759689922480615,0.0038910505836575885,1,"[1, 0]","[0, 1, 0]",{'#Hlllary': 1}
685,Hillary Clinton,randyprine,False,0.0,0.0038910505836575885,1.030195167977422e-23,0.0038759689922480615,0.0038910505836575885,1,"[0, 1]","[1, 0, 0]",{}
686,Hillary Clinton,fabiaceae,False,0.0,0.0038910505836575885,1.030195167977422e-23,0.0038759689922480615,0.0038910505836575885,1,"[0, 1]","[1, 0, 0]",{}
688,Hillary Clinton,FrankCraig,False,0.0,0.0038910505836575885,1.030195167977422e-23,0.0038759689922480615,0.0038910505836575885,1,"[0, 1]","[0, 0, 1]",{}
689,Hillary Clinton,skzdalimit,False,0.0,0.0038910505836575885,1.030195167977422e-23,0.0038759689922480615,0.0038910505836575885,1,"[0, 1]","[0, 0, 1]",{}
576,Hillary Clinton,Raging_D_RTR,False,0.0,0.0038910505836575885,1.030195167977422e-23,0.0038759689922480615,0.0038910505836575885,1,"[1, 0]","[0, 0, 1]",{}
577,Hillary Clinton,CrimsonHotMess,False,0.0,0.0038910505836575885,1.030195167977422e-23,0.0038759689922480615,0.0038910505836575885,1,"[1, 0]","[0, 0, 1]",{}
586,Hillary Clinton,WestonMartinez,False,0.0,0.0038910505836575885,1.030195167977422e-23,0.0038759689922480615,0.0038910505836575885,1,"[1, 0]","[0, 0, 1]",{}
587,Hillary Clinton,crazytas62,False,0.0,0.0038910505836575885,1.030195167977422e-23,0.0038759689922480615,0.0038910505836575885,1,"[1, 0]","[0, 0, 1]",{}
588,Hillary Clinton,CidEloisa,False,0.0,0.0038910505836575885,1.030195167977422e-23,0.0038759689922480615,0.0038910505836575885,1,"[1, 0]","[0, 0, 1]",{'#WakeUpAmerica': 1}
589,Hillary Clinton,DiggingLamb,False,0.0,0.0038910505836575885,1.030195167977422e-23,0.0038759689922480615,0.0038910505836575885,1,"[1, 0]","[0, 0, 1]",{'#WakeUpAmerica': 1}
564,Hillary Clinton,philadper2014,False,0.0,0.0038910505836575885,1.030195167977422e-23,0.0038759689922480615,0.0038910505836575885,1,"[0, 1]","[0, 1, 0]","{'#tcot': 1, '#WakeUpAmerica': 1}"
565,Hillary Clinton,LouiseKatina,False,0.0,0.0038910505836575885,1.030195167977422e-23,0.0038759689922480615,0.0038910505836575885,1,"[0, 1]","[0, 1, 0]","{'#tcot': 1, '#WakeUpAmerica': 1}"
627,Hillary Clinton,Debber66,False,0.0,0.0038910505836575885,1.030195167977422e-23,0.0038759689922480615,0.0038910505836575885,1,"[0, 1]","[0, 1, 0]",{'#CenterHitler': 1}
623,Hillary Clinton,HlLLARY,False,0.0,0.0038910505836575885,1.030195167977422e-23,0.0038759689922480615,0.0038910505836575885,1,"[0, 1]","[0, 1, 0]",{}
624,Hillary Clinton,ToniforAsm,False,0.0,0.0038910505836575885,1.030195167977422e-23,0.0038759689922480615,0.0038910505836575885,1,"[0, 1]","[0, 1, 0]",{}
628,Hillary Clinton,andersonDrLJA,False,0.0,0.0038910505836575885,1.030195167977422e-23,0.0038759689922480615,0.0038910505836575885,1,"[0, 1]","[0, 1, 0]",{'#CenterHitler': 1}
630,Hillary Clinton,MissLynnetteH,False,0.0,0.0038910505836575885,1.030195167977422e-23,0.0038759689922480615,0.0038910505836575885,1,"[1, 0]","[0, 1, 0]",{'#raisethenewPOTUS': 1}
633,Hillary Clinton,AP,False,0.0,0.0038910505836575885,1.030195167977422e-23,0.0038759689922480615,0.0038910505836575885,1,"[0, 1]","[0, 1, 0]","{'#LikeHillary': 1, '#HillaryEmails': 1}"
634,Hillary Clinton,davidaxelrod,False,0.0,0.0038910505836575885,1.030195167977422e-23,0.0038759689922480615,0.0038910505836575885,1,"[0, 1]","[0, 1, 0]","{'#LikeHillary': 1, '#HillaryEmails': 1}"
635,Hillary Clinton,NormanSie,False,0.0,0.0038910505836575885,1.030195167977422e-23,0.0038759689922480615,0.0038910505836575885,1,"[0, 1]","[0, 1, 0]","{'#HillaryClinton': 1, '#tcot': 1, '#uniteblue': 1}"
636,Hillary Clinton,n2toom,False,0.0,0.0038910505836575885,1.030195167977422e-23,0.0038759689922480615,0.0038910505836575885,1,"[0, 1]","[0, 1, 0]","{'#HillaryClinton': 1, '#tcot': 1, '#uniteblue': 1}"
618,Hillary Clinton,C4Constitution,False,0.0,0.0038910505836575885,1.030195167977422e-23,0.0038759689922480615,0.0038910505836575885,1,"[1, 0]","[0, 1, 0]",{'#WakeUpAmerica': 1}
617,Hillary Clinton,robin45208,False,0.0,0.0038910505836575885,1.030195167977422e-23,0.0038759689922480615,0.0038910505836575885,1,"[1, 0]","[0, 1, 0]",{'#WakeUpAmerica': 1}
616,Hillary Clinton,oliviawilde,False,0.0,0.0038910505836575885,1.030195167977422e-23,0.0038759689922480615,0.0038910505836575885,1,"[1, 0]","[0, 1, 0]",{}
604,Hillary Clinton,PhilGlutting,False,0.0,0.0038910505836575885,1.030195167977422e-23,0.0038759689922480615,0.0038910505836575885,1,"[1, 0]","[0, 1, 0]","{'#WakeUpAmerica': 1, '#Rubio2016': 1, '#Cruz2016': 1}"
605,Hillary Clinton,megadreamin,False,0.0,0.0038910505836575885,1.030195167977422e-23,0.0038759689922480615,0.0038910505836575885,1,"[1, 0]","[0, 1, 0]","{'#WakeUpAmerica': 1, '#Rubio2016': 1, '#Cruz2016': 1}"
606,Hillary Clinton,marcorubio,False,0.0,0.0038910505836575885,1.030195167977422e-23,0.0038759689922480615,0.0038910505836575885,1,"[1, 0]","[0, 1, 0]",{'#NewAmericanCentury': 1}
607,Hillary Clinton,TeamMarco,False,0.0,0.0038910505836575885,1.030195167977422e-23,0.0038759689922480615,0.0038910505836575885,1,"[1, 0]","[0, 1, 0]",{'#NewAmericanCentury': 1}
611,Hillary Clinton,asphaultangel13,False,0.0,0.0038910505836575885,1.030195167977422e-23,0.0038759689922480615,0.0038910505836575885,1,"[0, 1]","[0, 1, 0]","{'#WhyImNotVotingForHillary': 1, '#TCOT': 1}"
612,Hillary Clinton,crousselle,False,0.0,0.0038910505836575885,1.030195167977422e-23,0.0038759689922480615,0.0038910505836575885,1,"[0, 1]","[0, 1, 0]","{'#WhyImNotVotingForHillary': 1, '#TCOT': 1}"
512,Hillary Clinton,Temp15544,False,0.0,0.011673151750972765,5.530818193700318e-15,0.0038759689922480615,0.011673151750972765,1,"[1, 0]","[0, 0, 1]",{}
513,Hillary Clinton,icedecay,False,0.0,0.011673151750972765,5.530818193700318e-15,0.0038759689922480615,0.011673151750972765,1,"[1, 0]","[0, 0, 1]",{}
514,Hillary Clinton,BrooklynJuggler,False,0.0,0.011673151750972765,5.530818193700318e-15,0.0038759689922480615,0.011673151750972765,1,"[1, 0]","[0, 0, 1]",{}
515,Hillary Clinton,classic_mouth,False,0.0,0.011673151750972765,5.530818193700318e-15,0.0038759689922480615,0.011673151750972765,1,"[1, 0]","[0, 0, 1]",{}
639,Hillary Clinton,docdebags,False,0.0,0.011673151750972765,5.530818193700318e-15,0.0038759689922480615,0.011673151750972765,1,"[0, 1]","[0, 1, 0]",{}
641,Hillary Clinton,BuzzFeedAndrew,False,0.0,0.011673151750972765,5.530818193700318e-15,0.0038759689922480615,0.011673151750972765,1,"[0, 1]","[0, 1, 0]",{}
642,Hillary Clinton,BuzzFeedNews,False,0.0,0.011673151750972765,5.530818193700318e-15,0.0038759689922480615,0.011673151750972765,1,"[0, 1]","[0, 1, 0]",{}
659,Hillary Clinton,TGowdySC,False,0.0,0.011673151750972765,5.530818193700318e-15,0.0038759689922480615,0.011673151750972765,1,"[0, 1]","[0, 1, 0]",{}
656,Hillary Clinton,jhewitt1280,False,0.0,0.011673151750972765,5.530818193700318e-15,0.0038759689922480615,0.011673151750972765,1,"[0, 1]","[0, 1, 0]",{}
657,Hillary Clinton,SpeakerBoehner,False,0.0,0.011673151750972765,5.530818193700318e-15,0.0038759689922480615,0.011673151750972765,1,"[0, 1]","[0, 1, 0]",{}
658,Hillary Clinton,HouseBenghazi,False,0.0,0.011673151750972765,5.530818193700318e-15,0.0038759689922480615,0.011673151750972765,1,"[0, 1]","[0, 1, 0]",{}
640,Hillary Clinton,awelab1956,False,0.0,0.011673151750972765,5.530818193700318e-15,0.0038759689922480615,0.011673151750972765,1,"[0, 1]","[0, 1, 0]",{}
385,Hillary Clinton,seanhannity,False,0.0,0.01556420233463035,0.001451594384786067,0.00377383834668871,0.10459175603429187,2,"[0, 2]","[0, 2, 0]","{'#LiberalConsequences': 1, '#OiP': 1, '#Cruz2016': 1}"
653,Hillary Clinton,BossHoggUSMC,False,0.0,0.01556420233463035,0.001451594384786067,0.00377383834668871,0.10459175603429187,1,"[0, 1]","[0, 1, 0]","{'#OiP': 1, '#Cruz2016': 1}"
654,Hillary Clinton,JohnFromCranber,False,0.0,0.01556420233463035,0.001451594384786067,0.00377383834668871,0.10459175603429187,1,"[0, 1]","[0, 1, 0]","{'#OiP': 1, '#Cruz2016': 1}"
655,Hillary Clinton,SheriffClarke,False,0.0,0.01556420233463035,0.001451594384786067,0.00377383834668871,0.10459175603429187,1,"[0, 1]","[0, 1, 0]","{'#OiP': 1, '#Cruz2016': 1}"
418,Hillary Clinton,anniekarni,False,0.003465466926070039,0.019455252918287938,0.1205462513529274,0.0036294023466678735,0.17153047989623868,2,"[1, 1]","[0, 2, 0]","{'#WakeUpAmerica': 1, '#StopHillary2016': 1, '#HumaAbedin': 1}"
691,Hillary Clinton,Salon,False,0.0,0.01556420233463035,0.0013728391498831088,0.0035215425261171554,0.10743036319179873,1,"[0, 1]","[0, 0, 1]",{}
692,Hillary Clinton,BreeNewsome,False,0.0,0.01556420233463035,0.0013728391498831088,0.0035215425261171554,0.10743036319179873,1,"[0, 1]","[0, 0, 1]",{}
693,Hillary Clinton,chrislhayes,False,0.0,0.01556420233463035,0.0013728391498831088,0.0035215425261171554,0.10743036319179873,1,"[0, 1]","[0, 0, 1]",{}
690,Hillary Clinton,RAM0018,False,0.0,0.01556420233463035,0.0013728391498831086,0.0035215425261171554,0.10743036319179873,1,"[0, 1]","[0, 0, 1]",{}
26,Hillary Clinton,MaryMorientes,False,0.003465466926070039,0.01556420233463035,0.07201010817662608,0.00352112421819514,0.17153047989623868,2,"[2, 0]","[2, 0, 0]","{'#HillaryClinton': 1, '#UnitedStates': 1, '#world': 1}"
428,Hillary Clinton,AmbCathyRussell,False,0.0,0.019455252918287938,0.09313242667436238,0.0034170084210490823,0.1721041604310087,1,"[1, 0]","[1, 0, 0]",{'#world': 1}
429,Hillary Clinton,AdamSmith_USA,False,0.0,0.019455252918287938,0.09313242667436238,0.003417008421049082,0.1721041604310087,1,"[1, 0]","[1, 0, 0]",{'#world': 1}
621,Hillary Clinton,TheLastWord,False,0.0,0.011673151750972765,0.0001437361457744195,0.003370731556511109,0.08872266201529586,1,"[0, 1]","[0, 1, 0]",{'#Hillarymen': 1}
622,Hillary Clinton,kimfrederi,False,0.0,0.011673151750972765,0.0001437361457744195,0.0033707315565111085,0.08872266201529586,1,"[0, 1]","[0, 1, 0]",{'#Hillarymen': 1}
720,Hillary Clinton,adamplevy,False,0.0,0.007782101167315175,4.677111158917465e-16,0.0033509466552130514,0.012734347364697559,1,"[0, 1]","[0, 1, 0]",{}
703,Hillary Clinton,ZekeJMiller,False,0.0,0.007782101167315175,4.677111158917465e-16,0.0033509466552130514,0.012734347364697559,1,"[0, 1]","[0, 1, 0]",{}
714,Hillary Clinton,clantro,False,0.0,0.007782101167315175,3.010365836553709e-16,0.003334046071466649,0.01215953307392996,1,"[0, 1]","[0, 1, 0]",{'#freeallfour': 1}
572,Hillary Clinton,Ash_Bell__,False,0.0,0.007782101167315175,2.793888567539001e-16,0.0033191251116340857,0.0108084738434933,1,"[0, 1]","[0, 0, 1]",{'#UniteBlue': 1}
571,Hillary Clinton,GREG61032,False,0.0,0.007782101167315175,2.793888567539001e-16,0.0033191251116340857,0.0108084738434933,1,"[0, 1]","[0, 0, 1]",{'#UniteBlue': 1}
534,Hillary Clinton,TRPhrophet,False,0.0,0.007782101167315175,1.6481883296312527e-16,0.0032979736145709727,0.010376134889753566,1,"[1, 0]","[0, 0, 1]","{'#WakeUpAmerica': 1, '#dumpboehner': 1, '#ditchmitch': 1}"
535,Hillary Clinton,RamblingMother,False,0.0,0.007782101167315175,1.6481883296312527e-16,0.0032979736145709727,0.010376134889753566,1,"[1, 0]","[0, 0, 1]","{'#WakeUpAmerica': 1, '#dumpboehner': 1, '#ditchmitch': 1}"
554,Hillary Clinton,BuffaloBill71,False,0.0,0.007782101167315175,1.6481883296312527e-16,0.0032979736145709727,0.010376134889753566,1,"[1, 0]","[0, 0, 1]",{'#WakeUpAmerica': 1}
555,Hillary Clinton,AramisFraino,False,0.0,0.007782101167315175,1.6481883296312527e-16,0.0032979736145709727,0.010376134889753566,1,"[1, 0]","[0, 0, 1]",{'#WakeUpAmerica': 1}
661,Hillary Clinton,JonathanDKF,False,0.0,0.01556420233463035,0.07439222546690122,0.0031141140869471806,0.16927349989760393,1,"[1, 0]","[0, 1, 0]",{}
662,Hillary Clinton,McCollumMike,False,0.0,0.01556420233463035,0.07439222546690122,0.0031141140869471806,0.16927349989760393,1,"[1, 0]","[0, 1, 0]",{}
660,Hillary Clinton,AutumnNAlston,False,0.0,0.01556420233463035,0.07439222546690122,0.0031141140869471806,0.16927349989760393,1,"[1, 0]","[0, 1, 0]",{}
536,Hillary Clinton,PolitiBunny,False,0.0,0.01556420233463035,0.07563494078714128,0.00309496064379268,0.17867758322524865,1,"[1, 0]","[0, 1, 0]",{}
537,Hillary Clinton,Seja75,False,0.0,0.01556420233463035,0.07563494078714128,0.00309496064379268,0.17867758322524865,1,"[1, 0]","[0, 1, 0]",{}
538,Hillary Clinton,hubbit,False,0.0,0.01556420233463035,0.07563494078714128,0.00309496064379268,0.17867758322524865,1,"[1, 0]","[0, 1, 0]",{}
582,Hillary Clinton,LibtardLimbaugh,False,0.0,0.007782101167315175,0.0005386631289082653,0.0030681328331685852,0.0982044732230374,1,"[1, 0]","[0, 0, 1]",{}
583,Hillary Clinton,Mex38Tex,False,0.0,0.007782101167315175,0.0005386631289082653,0.0030681328331685852,0.0982044732230374,1,"[1, 0]","[0, 0, 1]",{}
677,Hillary Clinton,Network_Citizen,False,0.0,0.019455252918287938,0.13445185862555614,0.003033584301286103,0.16983215831310758,1,"[0, 1]","[0, 1, 0]",{'#lol': 1}
678,Hillary Clinton,YoungBLKRepub,False,0.0,0.019455252918287938,0.13445185862555614,0.003033584301286103,0.16983215831310758,1,"[0, 1]","[0, 1, 0]",{'#lol': 1}
680,Hillary Clinton,kin2souls,False,0.0,0.019455252918287938,0.13432907076085168,0.0030299401779121577,0.16983215831310758,1,"[0, 1]","[0, 1, 0]",{'#lol': 1}
681,Hillary Clinton,ChristiChat,False,0.0,0.019455252918287938,0.13432907076085168,0.0030299401779121577,0.16983215831310758,1,"[0, 1]","[0, 1, 0]",{'#lol': 1}
413,Hillary Clinton,JoeBiden,False,0.0,0.011673151750972765,0.001199142682096691,0.0030206413940713174,0.1087931162132592,2,"[0, 2]","[0, 2, 0]","{'#OneTerm': 1, '#SNL': 1}"
665,Hillary Clinton,msnbc,False,0.0,0.011673151750972765,0.001199142682096691,0.0030206413940713174,0.1087931162132592,1,"[0, 1]","[0, 1, 0]",{'#OneTerm': 1}
479,Hillary Clinton,TruthRevolt,False,0.0,0.0038910505836575885,2.0643113524230347e-21,0.002964348714149187,0.005188067444876783,1,"[0, 1]","[0, 0, 1]",{}
426,Hillary Clinton,newsbusters,False,0.0,0.0038910505836575885,2.0643113524230347e-21,0.002964348714149187,0.005188067444876783,1,"[0, 1]","[0, 1, 0]","{'#Hillary': 1, '#Liberal': 1}"
496,Hillary Clinton,JohnKerry,False,0.0,0.01556420233463035,0.07893785065512376,0.002925284939473794,0.16927349989760393,1,"[0, 1]","[0, 1, 0]",{'#PayToPlayDiplomacy': 1}
497,Hillary Clinton,BALWANIKAPIL,False,0.0,0.01556420233463035,0.07893785065512376,0.002925284939473794,0.16927349989760393,1,"[0, 1]","[0, 1, 0]",{'#PayToPlayDiplomacy': 1}
498,Hillary Clinton,tomperriello,False,0.0,0.01556420233463035,0.07893785065512376,0.002925284939473794,0.16927349989760393,1,"[0, 1]","[0, 1, 0]",{'#PayToPlayDiplomacy': 1}
450,Hillary Clinton,KoriWasinger,False,0.0,0.007782101167315175,0.00012315589990486418,0.002847906085591807,0.08562253572191614,1,"[0, 1]","[0, 1, 0]",{}
451,Hillary Clinton,JButtawipo,False,0.0,0.007782101167315175,0.00012315589990486418,0.002847906085591807,0.08562253572191614,1,"[0, 1]","[0, 1, 0]",{}
417,Hillary Clinton,Babbsgirl2,False,0.031918774319066145,0.01556420233463035,0.10906119026520868,0.002823656979230588,0.18055839989077752,2,"[0, 2]","[0, 2, 0]","{'#lol': 1, '#WakeUpAmerica': 1, '#StopHillary2016': 1, '#Obama': 1}"
694,Hillary Clinton,popcornreel,False,0.0,0.011673151750972765,0.009974263051766586,0.002669054102465987,0.13833103217438605,1,"[0, 1]","[0, 0, 1]",{}
502,Hillary Clinton,TheFive,False,0.0,0.011673151750972765,0.022652060600407448,0.002558390145925541,0.1264352431667607,1,"[0, 1]","[0, 1, 0]",{'#HillarySoWhite': 1}
393,Hillary Clinton,larryelder,False,0.0,0.011673151750972765,0.022652060600407448,0.002558390145925541,0.1264352431667607,2,"[0, 2]","[0, 1, 1]",{'#HillarySoWhite': 1}
509,Hillary Clinton,bcwilliams92,False,0.0,0.011673151750972765,0.06762409162903682,0.0025338088522824076,0.1703945164532172,1,"[0, 1]","[0, 1, 0]","{'#Stephens': 1, '#NotAChanceInHell': 1}"
510,Hillary Clinton,Madam_President,False,0.0,0.011673151750972765,0.06762409162903682,0.0025338088522824076,0.1703945164532172,1,"[0, 1]","[0, 1, 0]","{'#Stephens': 1, '#NotAChanceInHell': 1}"
679,Hillary Clinton,bobwilsonn,False,0.0,0.01556420233463035,0.12166841396964205,0.002514879652296033,0.16927349989760393,1,"[0, 1]","[0, 1, 0]","{'#lol': 1, '#StopHillary2016': 1}"
592,Hillary Clinton,WhoopiGoldberg,False,0.0,0.011673151750972765,0.07246809389948924,0.0024812428821348715,0.16983215831310758,1,"[0, 1]","[1, 0, 0]","{'#VoteForHillary': 1, '#EqualityForAll': 1}"
593,Hillary Clinton,Univision,False,0.0,0.011673151750972765,0.07246809389948924,0.0024812428821348715,0.16983215831310758,1,"[0, 1]","[1, 0, 0]","{'#VoteForHillary': 1, '#EqualityForAll': 1}"
484,Hillary Clinton,Xxoax,False,0.0,0.011673151750972765,0.07142552154160299,0.002446139269660732,0.17096061119226444,1,"[1, 0]","[1, 0, 0]",{'#world': 1}
608,Hillary Clinton,LeahR77,False,0.0,0.007782101167315175,0.0011526998442150539,0.0024238033492431296,0.1048047738673556,1,"[0, 1]","[0, 1, 0]","{'#Obama': 1, '#USA': 1, '#Greece': 1, '#WakeUpAmerica': 1, '#NJ': 1}"
400,Hillary Clinton,johnpodesta,False,0.01021400778210117,0.007782101167315175,0.053845479576391984,0.002311422822096185,0.17096061119226444,2,"[1, 1]","[0, 1, 1]",{}
464,Hillary Clinton,WhiteHouse,False,0.0,0.007782101167315175,0.02029669874578228,0.0023044201269372144,0.12705961473795455,1,"[1, 0]","[1, 0, 0]",{'#world': 1}
408,Hillary Clinton,GovChristie,False,0.0,0.007782101167315175,0.06420530512355177,0.002276247071637697,0.16871850481597245,2,"[0, 2]","[0, 2, 0]",{}
666,Hillary Clinton,RobBently,False,0.0,0.007782101167315175,0.008854558636508747,0.0021427431148585366,0.13400818741893647,1,"[0, 1]","[0, 1, 0]",{}
667,Hillary Clinton,JonahNRO,False,0.0,0.007782101167315175,0.008854558636508747,0.0021427431148585366,0.13400818741893647,1,"[0, 1]","[0, 1, 0]",{}
521,Hillary Clinton,texasman2008,False,0.0,0.007782101167315175,1.7138495478988324e-08,0.002097452094948994,0.017787659811006114,1,"[0, 1]","[0, 1, 0]","{'#TCOT': 1, '#CCOT': 1}"
522,Hillary Clinton,AmyMek,False,0.0,0.007782101167315175,1.7138495478988324e-08,0.002097452094948994,0.017787659811006114,1,"[0, 1]","[0, 1, 0]","{'#TCOT': 1, '#CCOT': 1}"
407,Hillary Clinton,TIMENOUT,False,0.0,0.011673151750972765,0.10802003875655176,0.002037247057313447,0.16871850481597245,2,"[0, 2]","[0, 2, 0]","{'#lol': 1, '#WakeUpAmerica': 1, '#StopHillary2016': 1}"
419,Hillary Clinton,oreillyfactor,False,0.0,0.011673151750972765,0.10802003875655176,0.002037247057313447,0.16871850481597245,2,"[0, 2]","[0, 1, 1]","{'#lol': 1, '#WakeUpAmerica': 1, '#StopHillary2016': 1}"
682,Hillary Clinton,RedStateJake,False,0.0,0.011673151750972765,0.10802003875655176,0.002037247057313447,0.16871850481597245,1,"[0, 1]","[0, 1, 0]","{'#lol': 1, '#WakeUpAmerica': 1, '#StopHillary2016': 1}"
683,Hillary Clinton,ResistTyranny,False,0.0,0.011673151750972765,0.10802003875655176,0.002037247057313447,0.16871850481597245,1,"[0, 1]","[0, 1, 0]","{'#lol': 1, '#WakeUpAmerica': 1, '#StopHillary2016': 1}"
684,Hillary Clinton,weknowwhatsbest,False,0.0,0.011673151750972765,0.10802003875655176,0.002037247057313447,0.16871850481597245,1,"[0, 1]","[0, 1, 0]","{'#lol': 1, '#WakeUpAmerica': 1, '#StopHillary2016': 1}"
423,Hillary Clinton,redsteeze,False,0.0,0.0038910505836575885,1.9373228747506366e-16,0.00201348437916528,0.00933852140077821,2,"[0, 2]","[0, 2, 0]",{'#Benghazi': 1}
638,Hillary Clinton,WashTimes,False,0.0,0.0038910505836575885,1.9373228747506366e-16,0.00201348437916528,0.00933852140077821,1,"[0, 1]","[0, 1, 0]",{'#SpillHill': 1}
403,Hillary Clinton,gerfingerpoken,False,0.0,0.0038910505836575885,1.2793372879004806e-16,0.0020069429727653547,0.008843296781039971,2,"[1, 1]","[0, 1, 1]",{}
432,Hillary Clinton,NACLA,False,0.0,0.007782101167315175,0.012454782159773171,0.002000611189137855,0.12674666002185125,1,"[0, 1]","[0, 0, 1]","{'#StopDilma': 1, '#StopLula': 1, '#StopForodeSaoPaulo': 1}"
433,Hillary Clinton,BrasilWire,False,0.0,0.007782101167315175,0.012454782159773171,0.002000611189137855,0.12674666002185125,1,"[0, 1]","[0, 0, 1]","{'#StopDilma': 1, '#StopLula': 1, '#StopForodeSaoPaulo': 1}"
699,Hillary Clinton,dartmouth,False,0.0,0.007782101167315175,0.058909908024596974,0.0019633398828671662,0.16816713715317516,1,"[1, 0]","[1, 0, 0]","{'#Hanover': 1, '#HillaryinNH': 1}"
542,Hillary Clinton,IamTheWindowMan,False,0.0,0.0038910505836575885,0.005166701468227643,0.0017923132092093474,0.1239979372743894,1,"[0, 1]","[0, 0, 1]",{'#UniteBlue': 1}
446,Hillary Clinton,JSavoly,False,0.0,0.0038910505836575885,0.005166701468227643,0.0017923132092093474,0.1239979372743894,1,"[0, 1]","[0, 0, 1]",{}
673,Hillary Clinton,GovernorPerry,False,0.0,0.0038910505836575885,0.005166701468227643,0.0017923132092093474,0.1239979372743894,1,"[1, 0]","[0, 1, 0]",{}
590,Hillary Clinton,MartinOMalley,False,0.0,0.007782101167315175,0.06137759327024742,0.0017796280109115,0.1774453240305917,1,"[1, 0]","[0, 0, 1]",{}
670,Hillary Clinton,MrDane1982,False,0.0,0.0038910505836575885,1.3658175768144514e-05,0.0015741825964180366,0.07425561900270072,1,"[1, 0]","[0, 1, 0]",{}
511,Hillary Clinton,spanglishpop,False,0.0,0.0038910505836575885,0.006298341665225826,0.0013737458436553784,0.12429744920017295,1,"[0, 1]","[0, 0, 1]","{'#latinos2016': 1, '#Rock': 1}"
427,Hillary Clinton,dnewhauser,False,0.0,0.0038910505836575885,0.006298341665225826,0.0013737458436553784,0.12429744920017295,1,"[0, 1]","[0, 0, 1]",{}
482,Hillary Clinton,NatureGuy101,False,0.0,0.0038910505836575885,0.00678702979799031,0.001329603489677295,0.12429744920017295,1,"[1, 0]","[1, 0, 0]","{'#HillaryClinton': 1, '#UnitedStates': 1}"
520,Hillary Clinton,LeighStorz,False,0.0,0.0038910505836575885,0.00789286277581096,0.001268369403826079,0.12490083487590195,1,"[0, 1]","[0, 1, 0]",{}
669,Hillary Clinton,AnnCoulter,False,0.0,0.0038910505836575885,0.012280312933131513,0.0012306982384207026,0.12551010724115025,1,"[0, 1]","[0, 1, 0]",{'#stupidisasstupiddoes': 1}
602,Hillary Clinton,MalachiNorris,False,0.0,0.0038910505836575885,0.012280312933131513,0.0012306982384207026,0.12551010724115025,1,"[1, 0]","[0, 0, 1]",{}
723,Hillary Clinton,TarekFatah,False,0.0,0.0038910505836575885,0.011361611933340144,0.0011983624236366985,0.12429744920017295,1,"[1, 0]","[0, 1, 0]",{'#HumaAbedin': 1}
362,Hillary Clinton,akawhit1,False,0.0,0.0038910505836575885,0.010847719083308529,0.0011811287027753158,0.12369986530978752,1,"[0, 1]","[0, 1, 0]",{'#WakeUpAmerica': 1}
463,Hillary Clinton,Jeff_Nichols_82,False,0.0,0.0038910505836575885,0.009015793042412828,0.0011664669358327205,0.1252047298512691,1,"[1, 0]","[1, 0, 0]","{'#freedom_justice_equality_education': 1, '#happy_life': 1}"
474,Hillary Clinton,MauraReynolds,False,0.0,0.0038910505836575885,0.011455369107818754,0.0011549672790923792,0.1245984115469046,1,"[0, 1]","[0, 1, 0]",{}
674,Hillary Clinton,AnitaFinlay,False,0.0,0.0038910505836575885,0.011455369107818754,0.0011549672790923792,0.1245984115469046,1,"[1, 0]","[1, 0, 0]",{}
495,Hillary Clinton,Upworthy,False,0.0,0.0038910505836575885,0.05335758604024325,0.0011289545332684,0.16761936146212247,1,"[0, 1]","[1, 0, 0]",{'#EqualityForAll': 1}
528,Hillary Clinton,Molls30,False,0.0,0.0038910505836575885,0.05335758604024325,0.0011289545332684,0.16761936146212247,1,"[1, 0]","[0, 1, 0]",{'#GoTeam': 1}
466,Hillary Clinton,SenWarren,False,0.0,0.0038910505836575885,0.05335758604024325,0.0011289545332684,0.16761936146212247,1,"[1, 0]","[1, 0, 0]","{'#UnstoppableTicket': 1, '#ElizabethWarren': 1}"
387,Hillary Clinton,RandPaul,False,0.0,0.0038910505836575885,0.05335758604024325,0.0011289545332684,0.16761936146212247,2,"[0, 2]","[1, 1, 0]",{}
431,Hillary Clinton,HuffPostPol,False,0.0,0.0038910505836575885,0.05335758604024325,0.0011289545332684,0.16761936146212247,1,"[0, 1]","[1, 0, 0]",{}
430,Hillary Clinton,GovernorOMalley,False,0.0,0.0038910505836575885,0.05335758604024325,0.0011289545332684,0.16761936146212247,1,"[1, 0]","[0, 1, 0]",{}
643,Hillary Clinton,brithume,False,0.0,0.0038910505836575885,0.05335758604024325,0.0011289545332684,0.16761936146212247,1,"[0, 1]","[0, 1, 0]",{'#LIES': 1}
652,Hillary Clinton,RNRNewYork,False,0.0,0.0038910505836575885,0.05335758604024325,0.0011289545332684,0.16761936146212247,1,"[0, 1]","[0, 1, 0]","{'#Emails': 1, '#TotalIncompetence': 1, '#RedNationRising': 1}"
719,Hillary Clinton,NumbersMuncher,False,0.0,0.0038910505836575885,0.05335758604024325,0.0011289545332684,0.16761936146212247,1,"[0, 1]","[0, 1, 0]",{'#NoHillary2016': 1}
578,Hillary Clinton,lbush34,False,0.0,0.0038910505836575885,0.05335758604024325,0.0011289545332684,0.16761936146212247,1,"[1, 0]","[1, 0, 0]",{}
573,Hillary Clinton,JamesCarville,False,0.0,0.0038910505836575885,0.05335758604024325,0.0011289545332684,0.16761936146212247,1,"[1, 0]","[1, 0, 0]",{'#stillvotingforyou': 1}
626,Hillary Clinton,liars_never_win,False,0.0,0.0038910505836575885,0.05335758604024325,0.0011289545332684,0.16761936146212247,1,"[0, 1]","[0, 1, 0]",{}
505,Hillary Clinton,marymorientes,False,0.0,0.0,0.0,0.0,0.0,1,"[1, 0]","[0, 0, 1]",{}
489,Hillary Clinton,Norsu2,False,0.0,0.0,0.0,0.0,0.0,1,"[0, 1]","[0, 1, 0]",{}
492,Hillary Clinton,Slate,False,0.0,0.0,0.0,0.0,0.0,1,"[0, 1]","[0, 0, 1]",{'#BaltimoreUprising': 1}
493,Hillary Clinton,jmarkwalk,False,0.0,0.0,0.0,0.0,0.0,1,"[0, 1]","[0, 1, 0]",{}
494,Hillary Clinton,Anomaly100,False,0.0,0.0,0.0,0.0,0.0,1,"[0, 1]","[0, 0, 1]",{}
487,Hillary Clinton,Faith4Hillary,False,0.0,0.0,0.0,0.0,0.0,1,"[1, 0]","[1, 0, 0]",{}
499,Hillary Clinton,VRWCTexan,False,0.0,0.0,0.0,0.0,0.0,1,"[0, 1]","[0, 1, 0]",{}
500,Hillary Clinton,zacharyebell,False,0.0,0.0,0.0,0.0,0.0,1,"[1, 0]","[0, 0, 1]",{}
501,Hillary Clinton,Glenn_Hegar,False,0.0,0.0,0.0,0.0,0.0,1,"[1, 0]","[0, 1, 0]",{}
486,Hillary Clinton,FDCITY,False,0.0,0.0,0.0,0.0,0.0,1,"[1, 0]","[0, 0, 1]",{'#moving': 1}
469,Hillary Clinton,ATikSalt,False,0.0,0.0,0.0,0.0,0.0,1,"[0, 1]","[0, 0, 1]",{'#everydaysexism': 1}
477,Hillary Clinton,ConservatveGurl,False,0.0,0.0,0.0,0.0,0.0,1,"[0, 1]","[0, 1, 0]",{}
478,Hillary Clinton,LifeNewsHQ,False,0.0,0.0,0.0,0.0,0.0,1,"[0, 1]","[0, 0, 1]",{}
480,Hillary Clinton,RepSusanDavis,False,0.0,0.0,0.0,0.0,0.0,1,"[1, 0]","[1, 0, 0]",{'#DCinSD': 1}
481,Hillary Clinton,Joan_Vennochi,False,0.0,0.0,0.0,0.0,0.0,1,"[0, 1]","[0, 1, 0]",{'#Hillary': 1}
483,Hillary Clinton,rebeccalipson,False,0.0,0.0,0.0,0.0,0.0,1,"[1, 0]","[0, 0, 1]","{'#freedom_justice_equality_education': 1, '#happy_life': 1}"
506,Hillary Clinton,Froquesha,False,0.0,0.0,0.0,0.0,0.0,1,"[1, 0]","[0, 0, 1]",{}
465,Hillary Clinton,AlyssSmithh,False,0.0,0.0,0.0,0.0,0.0,1,"[0, 1]","[0, 1, 0]","{'#HillarysDonors': 1, '#HillarysBigAnnouncement': 1, '#Benghazi': 1, '#Obama': 1}"
539,Hillary Clinton,JewboyDonny,False,0.0,0.0,0.0,0.0,0.0,1,"[0, 1]","[0, 0, 1]",{}
533,Hillary Clinton,muradguderian,False,0.0,0.0,0.0,0.0,0.0,1,"[0, 1]","[0, 1, 0]",{'#tcot': 1}
540,Hillary Clinton,thegirlwithfood,False,0.0,0.0,0.0,0.0,0.0,1,"[0, 1]","[0, 0, 1]",{}
541,Hillary Clinton,ZerlinaMaxwell,False,0.0,0.0,0.0,0.0,0.0,1,"[1, 0]","[0, 0, 1]",{}
543,Hillary Clinton,occupycorruptDC,False,0.0,0.0,0.0,0.0,0.0,1,"[0, 1]","[0, 0, 1]",{}
544,Hillary Clinton,GerryConnolly,False,0.0,0.0,0.0,0.0,0.0,1,"[1, 0]","[0, 0, 1]",{'#VAdems': 1}
545,Hillary Clinton,JerseyKidPicks,False,0.0,0.0,0.0,0.0,0.0,1,"[1, 0]","[0, 0, 1]",{'#RememberBenghazi2016': 1}
530,Hillary Clinton,GideonHenry,False,0.0,0.0,0.0,0.0,0.0,1,"[0, 1]","[0, 0, 1]",{}
529,Hillary Clinton,SCOTUS_Scalia,False,0.0,0.0,0.0,0.0,0.0,1,"[0, 1]","[0, 1, 0]",{}
516,Hillary Clinton,izzybugatti,False,0.0,0.0,0.0,0.0,0.0,1,"[1, 0]","[0, 0, 1]",{'#FellowsIA': 1}
519,Hillary Clinton,washingtonpost,False,0.0,0.0,0.0,0.0,0.0,1,"[1, 0]","[0, 0, 1]",{}
524,Hillary Clinton,mcirelli92,False,0.0,0.0,0.0,0.0,0.0,1,"[1, 0]","[1, 0, 0]",{}
550,Hillary Clinton,LaneLewis,False,0.0,0.0,0.0,0.0,0.0,1,"[1, 0]","[0, 0, 1]",{'#TheHRCSuperVols': 1}
401,Hillary Clinton,megynkelly,False,0.0,0.0,0.0,0.0,0.0,2,"[0, 2]","[0, 1, 1]",{'#NoHillary2016': 1}
406,Hillary Clinton,nytimes,False,0.0,0.0,0.0,0.0,0.0,2,"[0, 2]","[0, 1, 1]",{}
398,Hillary Clinton,gerfingerpoken2,False,0.0,0.0,0.0,0.0,0.0,2,"[0, 2]","[0, 2, 0]",{'#hillary': 1}
379,Hillary Clinton,FutureTXLeader,False,0.0,0.0,0.0,0.0,0.0,3,"[3, 0]","[0, 2, 1]","{'#UTEP': 1, '#MarcoRubio': 3, '#Miners': 1, '#LadyMiners': 1, '#UniversityOfTexasElPaso': 1, '#Rubio': 2, '#New': 1, '#TexasTech': 1, '#RedRaiders': 1, '#TTU': 1, '#TexasTechUniversity': 1, '#Texas': 2, '#CorpusChristi': 1, '#Hooks': 1, '#CC': 1, '#TX': 1, '#KeepTexasRed': 1, '#GOP': 1, '#Tea': 1}"
397,Hillary Clinton,CBSThisMorning,False,0.0,0.0,0.0,0.0,0.0,2,"[1, 1]","[0, 1, 1]",{'#Trump': 1}
15,Hillary Clinton,theblaze,False,0.0,0.0,0.0,0.0,0.0,3,"[1, 2]","[0, 3, 0]",{}
391,Hillary Clinton,greta,False,0.0,0.0,0.0,0.0,0.0,2,"[1, 1]","[0, 1, 1]","{'#BaltimoreRiots': 1, '#FreddieGray': 1, '#ThanksObama': 1, '#WakeUpAmerica': 1, '#Bernie2016': 1}"
395,Hillary Clinton,petefrt,False,0.0,0.0,0.0,0.0,0.0,2,"[1, 1]","[0, 2, 0]",{'#uniteright': 1}
453,Hillary Clinton,SLessard,False,0.0,0.0,0.0,0.0,0.0,1,"[1, 0]","[1, 0, 0]",{}
445,Hillary Clinton,ProBirdRights,False,0.0,0.0,0.0,0.0,0.0,1,"[1, 0]","[0, 0, 1]",{}
447,Hillary Clinton,JusticeWillett,False,0.0,0.0,0.0,0.0,0.0,1,"[1, 0]","[0, 0, 1]",{}
452,Hillary Clinton,MaxTollensJr,False,0.0,0.0,0.0,0.0,0.0,1,"[0, 1]","[0, 0, 1]",{'#DeadBroke': 1}
443,Hillary Clinton,hale_razor,False,0.0,0.0,0.0,0.0,0.0,1,"[0, 1]","[0, 1, 0]",{'#HillaryAccomplishments': 1}
444,Hillary Clinton,Bluesaloon,False,0.0,0.0,0.0,0.0,0.0,1,"[0, 1]","[0, 0, 1]",{}
425,Hillary Clinton,GunnJessica,False,0.0,0.0,0.0,0.0,0.0,1,"[1, 0]","[1, 0, 0]",{}
441,Hillary Clinton,trscoop,False,0.0,0.0,0.0,0.0,0.0,1,"[0, 1]","[0, 1, 0]",{}
436,Hillary Clinton,NicolaSturgeon,False,0.0,0.0,0.0,0.0,0.0,1,"[1, 0]","[1, 0, 0]",{}
437,Hillary Clinton,ReformedBroker,False,0.0,0.0,0.0,0.0,0.0,1,"[0, 1]","[0, 0, 1]","{'#bleep': 1, '#POPPA': 1}"
438,Hillary Clinton,StopHillaryPAC,False,0.0,0.0,0.0,0.0,0.0,1,"[0, 1]","[0, 1, 0]",{}
549,Hillary Clinton,kimkennedy4,False,0.0,0.0,0.0,0.0,0.0,1,"[0, 1]","[0, 0, 1]",{}
552,Hillary Clinton,amyklobuchar,False,0.0,0.0,0.0,0.0,0.0,1,"[1, 0]","[1, 0, 0]",{'#inspiredbyhillary': 1}
551,Hillary Clinton,Jeanelynn,False,0.0,0.0,0.0,0.0,0.0,1,"[1, 0]","[0, 0, 1]",{'#WakeUpAmerica': 1}
664,Hillary Clinton,hughhewitt,False,0.0,0.0,0.0,0.0,0.0,1,"[0, 1]","[0, 1, 0]",{'#ACA': 1}
668,Hillary Clinton,maddow,False,0.0,0.0,0.0,0.0,0.0,1,"[1, 0]","[0, 1, 0]",{}
675,Hillary Clinton,chicagotribune,False,0.0,0.0,0.0,0.0,0.0,1,"[0, 1]","[0, 1, 0]","{'#ayyylmao': 1, '#Democrats': 1, '#liberals': 1, '#HillaryClinton': 1, '#Obamanation': 1}"
676,Hillary Clinton,betheljd,False,0.0,0.0,0.0,0.0,0.0,1,"[1, 0]","[0, 0, 1]",{'#freeallfour': 1}
715,Hillary Clinton,TrucksHorsesDog,False,0.0,0.0,0.0,0.0,0.0,1,"[0, 1]","[0, 1, 0]","{'#CommonCore': 1, '#bush': 1, '#nomorebushes': 1}"
710,Hillary Clinton,MittRomney,False,0.0,0.0,0.0,0.0,0.0,1,"[1, 0]","[0, 1, 0]",{'#HillaryClinton': 1}
711,Hillary Clinton,frodofied,False,0.0,0.0,0.0,0.0,0.0,1,"[0, 1]","[0, 1, 0]","{'#LGBT': 1, '#LGBTQ': 1}"
713,Hillary Clinton,anthonyweiner,False,0.0,0.0,0.0,0.0,0.0,1,"[0, 1]","[0, 1, 0]","{'#NYCPride': 1, '#NYC': 1}"
716,Hillary Clinton,TsarRhys,False,0.0,0.0,0.0,0.0,0.0,1,"[1, 0]","[0, 1, 0]","{'#Merrimack': 1, '#HillaryforNH': 1}"
717,Hillary Clinton,Ba68scgal,False,0.0,0.0,0.0,0.0,0.0,1,"[1, 0]","[0, 1, 0]","{'#Benghazi': 1, '#NoHillary2016': 1}"
718,Hillary Clinton,MyOTRadventure,False,0.0,0.0,0.0,0.0,0.0,1,"[0, 1]","[0, 1, 0]",{}
724,Hillary Clinton,JessieJaneDuff,False,0.0,0.0,0.0,0.0,0.0,1,"[0, 1]","[0, 1, 0]",{}
704,Hillary Clinton,RedHatGeek,False,0.0,0.0,0.0,0.0,0.0,1,"[0, 1]","[0, 1, 0]",{}
687,Hillary Clinton,Shy_Buffy,False,0.0,0.0,0.0,0.0,0.0,1,"[1, 0]","[0, 0, 1]",{}
698,Hillary Clinton,foxnewspolitics,False,0.0,0.0,0.0,0.0,0.0,1,"[0, 1]","[0, 0, 1]","{'#Nobama': 1, '#WeMissYouGipper': 1}"
701,Hillary Clinton,Ered604,False,0.0,0.0,0.0,0.0,0.0,1,"[1, 0]","[0, 0, 1]","{'#UNITEBLUE': 1, '#WarOnWomen': 1, '#worldpeace': 1, '#tngov': 1, '#TN': 1, '#socialjustice': 1, '#AllLivesMatter': 1, '#unity': 1}"
702,Hillary Clinton,kryptickaos_,False,0.0,0.0,0.0,0.0,0.0,1,"[1, 0]","[0, 0, 1]",{}
584,Hillary Clinton,Reince,False,0.0,0.0,0.0,0.0,0.0,1,"[0, 1]","[0, 1, 0]",{}
585,Hillary Clinton,ghostseven77,False,0.0,0.0,0.0,0.0,0.0,1,"[0, 1]","[0, 0, 1]","{'#morningjoe': 1, '#unitedblue': 1}"
574,Hillary Clinton,ladygaga,False,0.0,0.0,0.0,0.0,0.0,1,"[0, 1]","[0, 0, 1]",{'#Bernie2016': 1}
591,Hillary Clinton,moser_kristen,False,0.0,0.0,0.0,0.0,0.0,1,"[0, 1]","[0, 0, 1]",{'#KnowTheEnemy': 1}
575,Hillary Clinton,koolkat14215,False,0.0,0.0,0.0,0.0,0.0,1,"[1, 0]","[0, 0, 1]",{}
637,Hillary Clinton,AaronBlakeWP,False,0.0,0.0,0.0,0.0,0.0,1,"[0, 1]","[0, 1, 0]","{'#Hillary': 1, '#BernieSanders': 1}"
553,Hillary Clinton,TheCenterLV,False,0.0,0.0,0.0,0.0,0.0,1,"[1, 0]","[0, 0, 1]",{'#FellowsNV': 1}
556,Hillary Clinton,therealjenappel,False,0.0,0.0,0.0,0.0,0.0,1,"[1, 0]","[0, 0, 1]",{'#mypresident': 1}
558,Hillary Clinton,dedicated_to_it,False,0.0,0.0,0.0,0.0,0.0,1,"[0, 1]","[0, 0, 1]",{}
563,Hillary Clinton,DRUDGE_REPORT,False,0.0,0.0,0.0,0.0,0.0,1,"[0, 1]","[0, 0, 1]",{}
566,Hillary Clinton,debaterlife,False,0.0,0.0,0.0,0.0,0.0,1,"[1, 0]","[0, 0, 1]",{}
567,Hillary Clinton,ReCorwin,False,0.0,0.0,0.0,0.0,0.0,1,"[0, 1]","[0, 0, 1]",{'#Legend': 1}
569,Hillary Clinton,LindaSuhler,False,0.0,0.0,0.0,0.0,0.0,1,"[0, 1]","[0, 1, 0]",{}
570,Hillary Clinton,foxnation,False,0.0,0.0,0.0,0.0,0.0,1,"[0, 1]","[0, 1, 0]",{'#NoHillary2016': 1}
594,Hillary Clinton,dhz26,False,0.0,0.0,0.0,0.0,0.0,1,"[1, 0]","[0, 0, 1]",{'#LoveWins': 1}
595,Hillary Clinton,WNTonight,False,0.0,0.0,0.0,0.0,0.0,1,"[1, 0]","[0, 0, 1]",{}
596,Hillary Clinton,Tony_Tickets,False,0.0,0.0,0.0,0.0,0.0,1,"[0, 1]","[0, 1, 0]",{}
619,Hillary Clinton,DavidCornDC,False,0.0,0.0,0.0,0.0,0.0,1,"[1, 0]","[0, 1, 0]","{'#Christie2016': 1, '#DonaldTrump': 1, '#UniteBlue': 1, '#p2': 1}"
620,Hillary Clinton,pikester45,False,0.0,0.0,0.0,0.0,0.0,1,"[0, 1]","[0, 1, 0]",{}
625,Hillary Clinton,businessinsider,False,0.0,0.0,0.0,0.0,0.0,1,"[0, 1]","[0, 1, 0]",{'#huma': 1}
597,Hillary Clinton,foxandfriends,False,0.0,0.0,0.0,0.0,0.0,1,"[0, 1]","[0, 1, 0]",{'#NoHillary2016': 1}
631,Hillary Clinton,Waitingforahero,False,0.0,0.0,0.0,0.0,0.0,1,"[0, 1]","[0, 1, 0]","{'#guncontrol': 1, '#JebBush': 1, '#GunViolence': 1, '#GunSen': 1}"
615,Hillary Clinton,PhxKen,False,0.0,0.0,0.0,0.0,0.0,1,"[0, 1]","[0, 1, 0]","{'#WakeUpAmerica': 1, '#makeAmericaGreatAgain': 1}"
598,Hillary Clinton,awj9009,False,0.0,0.0,0.0,0.0,0.0,1,"[1, 0]","[0, 0, 1]",{}
599,Hillary Clinton,RickSantorum,False,0.0,0.0,0.0,0.0,0.0,1,"[0, 1]","[0, 0, 1]",{'#LoveWins': 1}
600,Hillary Clinton,voxdotcom,False,0.0,0.0,0.0,0.0,0.0,1,"[0, 1]","[0, 0, 1]","{'#wgn': 1, '#WGNTV': 1, '#Hillary': 1, '#Obamacare': 1}"
601,Hillary Clinton,BDabs888,False,0.0,0.0,0.0,0.0,0.0,1,"[0, 1]","[0, 0, 1]",{}
603,Hillary Clinton,AndreaTantaros,False,0.0,0.0,0.0,0.0,0.0,1,"[0, 1]","[0, 0, 1]",{}
609,Hillary Clinton,CorrectRecord,False,0.0,0.0,0.0,0.0,0.0,1,"[0, 1]","[0, 1, 0]",{'#clintonemail': 1}
610,Hillary Clinton,Logan_RTW,False,0.0,0.0,0.0,0.0,0.0,1,"[1, 0]","[0, 1, 0]",{}
613,Hillary Clinton,Jami_USA,False,0.0,0.0,0.0,0.0,0.0,1,"[0, 1]","[0, 1, 0]",{}
